id,y_true,y_pred,prob_pos
0,0,0,0.00020541897
1,0,0,0.21372642
2,0,0,0.0017690479
3,0,0,0.0009091634
4,1,1,0.99888724
5,0,0,2.1389355e-05
6,0,0,0.00019756405
7,0,0,4.6757646e-06
8,0,0,5.4402385e-06
9,0,0,0.0001805623
10,0,0,6.485052e-07
11,0,0,7.341667e-05
12,0,0,6.7727046e-07
13,1,0,0.0031076565
14,0,0,1.1588864e-06
15,0,0,0.015078279
16,0,0,4.4932618e-05
17,0,0,0.030052006
18,0,0,0.0041900636
19,0,0,7.203145e-05
20,0,0,1.9283247e-05
21,0,0,0.019194983
22,0,0,0.0007425995
23,0,0,5.849154e-06
24,0,0,0.018809306
25,0,0,0.00030082138
26,0,0,0.0018274627
27,0,0,0.003141189
28,0,0,2.4601386e-05
29,0,0,0.11799283
30,0,0,0.00037077098
31,0,0,0.026282936
32,0,0,0.00044165857
33,0,0,0.024693344
34,1,0,0.49734637
35,0,0,9.112495e-06
36,0,0,0.003720906
37,0,0,7.744211e-05
38,0,0,1.0205615e-06
39,0,0,0.0014039703
40,0,0,6.193829e-05
41,0,0,1.0274717e-05
42,0,0,0.00083969027
43,0,0,0.00023810202
44,0,0,0.0041704923
45,0,0,6.66619e-05
46,0,0,0.00125727
47,0,0,1.0921602e-05
48,0,0,2.364728e-05
49,0,0,3.815598e-05
50,0,0,0.00030524243
51,0,0,0.00035445867
52,0,0,0.0030716062
53,0,0,0.00015780916
54,0,0,0.006342431
55,0,0,0.01652294
56,0,0,0.002604404
57,0,0,6.516343e-06
58,0,0,7.032016e-05
59,0,0,0.0050029443
60,0,0,0.00011227253
61,0,0,0.00012338035
62,0,0,3.273784e-05
63,0,0,0.26144853
64,1,1,0.99974686
65,0,0,0.24408759
66,0,0,3.2563914e-06
67,0,0,2.9061954e-05
68,0,0,1.8824385e-05
69,0,1,0.9984112
70,0,0,0.0006421767
71,1,0,3.602237e-07
72,0,0,9.575508e-06
73,1,0,0.114389636
74,0,0,4.109352e-05
75,0,0,0.008694305
76,0,0,1.206872e-05
77,0,0,1.3851209e-05
78,0,0,0.0021260546
79,0,0,2.7789356e-06
80,0,0,0.086512655
81,0,0,0.007066883
82,1,0,0.00010961818
83,0,0,0.00037975618
84,0,0,0.00039129876
85,0,0,0.011595416
86,0,0,1.2195666e-06
87,0,0,9.912125e-05
88,0,0,0.00045679157
89,0,0,6.4190965e-07
90,0,0,3.6326976e-05
91,0,0,3.8282146e-06
92,0,0,0.0013006694
93,0,0,0.071485415
94,0,0,0.0067018354
95,0,0,0.0020650288
96,0,0,0.011749085
97,0,0,9.2769726e-05
98,0,0,0.022254458
99,0,0,0.009805964
100,0,0,5.1218112e-06
101,0,0,9.465141e-06
102,0,0,0.03855939
103,0,0,3.8177128e-05
104,0,0,2.8528115e-05
105,1,0,0.01652294
106,0,0,0.00064913346
107,0,0,1.9313613e-05
108,0,0,0.00039421002
109,0,0,2.4433311e-06
110,0,0,0.0005623075
111,0,0,0.012183949
112,0,0,4.5437155e-05
113,0,0,2.0885893e-06
114,0,0,5.6749344e-05
115,0,0,0.0002893429
116,0,0,0.00030038945
117,0,0,0.00041342937
118,0,0,0.00015450432
119,0,0,1.5017114e-05
120,0,0,5.74664e-05
121,0,0,9.941935e-05
122,0,0,9.500183e-06
123,0,0,3.763052e-05
124,0,0,0.00013448375
125,0,0,7.883743e-05
126,0,0,2.4476292e-06
127,0,0,0.0004890845
128,0,0,0.0028913184
129,0,0,4.7968155e-05
130,0,0,0.0006784604
131,0,0,8.14153e-05
132,1,0,0.0077778944
133,0,0,6.5453232e-06
134,0,0,1.9762452e-05
135,0,0,2.2635643e-06
136,0,0,2.6536572e-06
137,0,0,5.025277e-06
138,0,0,0.00018600604
139,1,1,0.9931049
140,0,0,9.839098e-06
141,0,0,0.0014601217
142,0,0,0.00028946402
143,0,0,0.0025244341
144,0,0,4.234197e-06
145,0,1,0.9378756
146,0,0,0.00010320029
147,0,0,0.11749525
148,0,0,0.0013829778
149,0,0,2.2352893e-08
150,1,0,0.0025798832
151,0,0,0.0022137982
152,0,0,0.00035309626
153,0,0,1.444341e-05
154,0,0,2.2714641e-05
155,1,0,0.060692262
156,0,0,0.051954027
157,0,0,1.1328853e-05
158,0,0,1.3101718e-06
159,0,0,4.3521934e-05
160,0,0,0.002981696
161,0,0,0.00035134883
162,0,0,8.860937e-05
163,0,0,0.00018839735
164,0,0,4.9561645e-06
165,0,0,0.28918368
166,0,0,0.009368995
167,0,0,1.9179846e-05
168,0,1,0.9965605
169,0,0,0.023365946
170,0,0,0.0012332165
171,1,0,0.025084488
172,0,0,0.0003010621
173,0,0,4.616912e-05
174,1,0,1.2880456e-05
175,0,0,0.14751741
176,0,0,7.8299877e-07
177,0,0,6.3050936e-07
178,0,0,0.00015057158
179,0,0,4.9804873e-07
180,0,0,0.0076762415
181,0,0,8.761848e-05
182,0,0,2.0165883e-06
183,0,0,1.6759002e-05
184,0,0,9.130788e-06
185,0,0,3.8402372e-06
186,0,0,0.00012693892
187,0,0,0.027500581
188,0,0,0.016468523
189,0,0,0.002464219
190,0,0,0.0013988961
191,0,0,3.128552e-05
192,0,0,0.0002438596
193,0,0,5.478907e-05
194,0,0,1.902695e-06
195,0,0,0.000103210325
196,0,0,9.644706e-05
197,0,0,1.0141572e-05
198,0,0,0.00016961506
199,0,0,0.38088462
200,0,0,0.008191846
201,0,0,3.7236514e-08
202,0,0,1.2022357e-05
203,0,0,1.1108687e-05
204,0,0,0.044670593
205,0,0,8.424496e-06
206,0,1,0.55649126
207,1,0,0.0017044474
208,0,0,3.483572e-05
209,0,0,0.0014493653
210,0,0,0.00026032614
211,0,0,0.0068106786
212,0,0,4.358555e-06
213,0,0,0.009417558
214,0,0,1.0506713e-05
215,1,0,1.5139204e-06
216,0,0,0.00157322
217,0,0,1.535314e-06
218,0,0,0.010494968
219,0,0,0.0011488475
220,0,0,1.4256448e-06
221,0,0,0.0064153215
222,0,0,2.2661372e-05
223,0,0,2.8603026e-05
224,0,0,1.0392844e-07
225,0,0,0.00015151508
226,0,0,0.0049033817
227,0,0,1.0091394e-05
228,1,0,0.17620392
229,0,0,4.5107274e-05
230,0,0,2.0541177e-06
231,0,0,5.4868604e-05
232,0,0,0.006102657
233,0,1,0.9747258
234,0,0,3.833184e-05
235,0,0,0.00035728404
236,0,0,0.0010135088
237,0,0,0.00017063718
238,0,0,1.3325972e-06
239,0,0,0.00015519874
240,1,0,0.3879588
241,0,0,0.019549135
242,0,0,8.29124e-05
243,0,0,6.8261875e-07
244,0,0,0.014598004
245,0,0,1.5945354e-06
246,0,0,7.440635e-06
247,0,0,1.1746595e-05
248,0,0,0.004942343
249,0,0,3.4858363e-06
250,0,0,0.0041041076
251,0,0,0.00019535163
252,0,0,1.7833605e-05
253,0,0,0.3879588
254,0,0,0.009787798
255,0,0,9.728206e-05
256,0,0,3.468579e-06
257,0,0,0.0001798391
258,0,0,0.00024276278
259,0,1,0.998447
260,0,0,0.00014201822
261,0,0,2.5854308e-06
262,0,0,2.7062617e-05
263,0,0,6.835948e-08
264,0,0,0.0040526483
265,0,0,0.00020985148
266,0,0,0.009869245
267,0,0,2.5204141e-05
268,0,0,5.9992935e-06
269,1,0,0.0146470945
270,1,0,0.0017624074
271,0,0,8.146035e-05
272,0,0,0.00019373395
273,0,0,1.8638465e-06
274,0,0,1.8521716e-07
275,0,0,0.002293899
276,0,0,0.010482769
277,0,0,8.102209e-05
278,1,0,0.0002431429
279,0,0,0.0008677569
280,0,0,0.004512975
281,0,0,0.00024826208
282,0,0,5.135879e-06
283,0,0,5.6732082e-05
284,0,0,7.2118705e-06
285,0,0,0.0004619534
286,0,0,6.1551414e-06
287,0,0,3.8217036e-07
288,0,0,0.0740845
289,0,0,3.0913263e-05
290,0,0,9.3079296e-07
291,0,0,0.042893827
292,0,0,3.8651816e-08
293,0,0,0.0462529
294,0,0,0.0018195526
295,0,0,2.0150495e-05
296,0,0,0.0001362004
297,0,0,9.4726365e-06
